{
	"id": "4a96d0fcc134929320dd4338ef8bc14f",
	"_format": "hh-sol-build-info-1",
	"solcVersion": "0.5.17",
	"solcLongVersion": "0.5.17+commit.d19bba13",
	"input": {
		"language": "Solidity",
		"sources": {
			"contracts/KaseiCoin_CrowdSale.sol": {
				"content": "//SPDX-License-Identifier: GPL-3.0\r\npragma solidity ^0.5.0;\r\n\r\n"
			}
		},
		"settings": {
			"optimizer": {
				"enabled": false,
				"runs": 200
			},
			"outputSelection": {
				"*": {
					"": [
						"ast"
					],
					"*": [
						"abi",
						"metadata",
						"devdoc",
						"userdoc",
						"storageLayout",
						"evm.legacyAssembly",
						"evm.bytecode",
						"evm.deployedBytecode",
						"evm.methodIdentifiers",
						"evm.gasEstimates",
						"evm.assembly"
					]
				}
			}
		}
	},
	"output": {
		"sources": {
			"contracts/KaseiCoin_CrowdSale.sol": {
				"ast": {
					"absolutePath": "contracts/KaseiCoin_CrowdSale.sol",
					"exportedSymbols": {},
					"id": 2,
					"nodeType": "SourceUnit",
					"nodes": [
						{
							"id": 1,
							"literals": [
								"solidity",
								"^",
								"0.5",
								".0"
							],
							"nodeType": "PragmaDirective",
							"src": "36:23:0"
						}
					],
					"src": "36:27:0"
				},
				"id": 0
			}
		}
	}
}